country,iso_code,year,gdp
United States,USA,2018,22435.2
United States,USA,2019,23529.6
United States,USA,2020,22708.8
United States,USA,2021,25718.4
United States,USA,2022,26539.2
United States,USA,2023,27360.0
United States,USA,2024,28591.2
China,CHN,2018,13420.78
China,CHN,2019,14304.94
China,CHN,2020,14027.41
China,CHN,2021,16137.31
China,CHN,2022,16911.17
China,CHN,2023,18323.7
China,CHN,2024,19148.27
Germany,DEU,2018,3653.92
Germany,DEU,2019,3832.16
Germany,DEU,2020,3698.48
Germany,DEU,2021,4188.64
Germany,DEU,2022,4322.32
Germany,DEU,2023,4456.0
Germany,DEU,2024,4656.52
Japan,JPN,2018,3453.84
Japan,JPN,2019,3622.32
Japan,JPN,2020,3495.96
Japan,JPN,2021,3959.28
Japan,JPN,2022,4085.64
Japan,JPN,2023,4212.0
Japan,JPN,2024,4401.54
India,IND,2018,2678.12
India,IND,2019,2854.56
India,IND,2020,2799.18
India,IND,2021,3220.21
India,IND,2022,3374.63
India,IND,2023,3656.5
India,IND,2024,3821.04
United Kingdom,GBR,2018,2738.8
United Kingdom,GBR,2019,2872.4
United Kingdom,GBR,2020,2772.2
United Kingdom,GBR,2021,3139.6
United Kingdom,GBR,2022,3239.8
United Kingdom,GBR,2023,3340.0
United Kingdom,GBR,2024,3490.3
France,FRA,2018,2484.6
France,FRA,2019,2605.8
France,FRA,2020,2514.9
France,FRA,2021,2848.2
France,FRA,2022,2939.1
France,FRA,2023,3030.0
France,FRA,2024,3166.35
Italy,ITA,2018,1848.28
Italy,ITA,2019,1938.44
Italy,ITA,2020,1870.82
Italy,ITA,2021,2118.76
Italy,ITA,2022,2186.38
Italy,ITA,2023,2254.0
Italy,ITA,2024,2355.43
Brazil,BRA,2018,1781.86
Brazil,BRA,2019,1868.78
Brazil,BRA,2020,1803.59
Brazil,BRA,2021,2042.62
Brazil,BRA,2022,2107.81
Brazil,BRA,2023,2173.0
Brazil,BRA,2024,2270.78
Canada,CAN,2018,1754.8
Canada,CAN,2019,1840.4
Canada,CAN,2020,1776.2
Canada,CAN,2021,2011.6
Canada,CAN,2022,2075.8
Canada,CAN,2023,2140.0
Canada,CAN,2024,2236.3
South Korea,KOR,2018,1403.84
South Korea,KOR,2019,1472.32
South Korea,KOR,2020,1420.96
South Korea,KOR,2021,1609.28
South Korea,KOR,2022,1660.64
South Korea,KOR,2023,1712.0
South Korea,KOR,2024,1789.04
Australia,AUS,2018,1412.86
Australia,AUS,2019,1481.78
Australia,AUS,2020,1430.09
Australia,AUS,2021,1619.62
Australia,AUS,2022,1671.31
Australia,AUS,2023,1723.0
Australia,AUS,2024,1800.53
Mexico,MEX,2018,1466.16
Mexico,MEX,2019,1537.68
Mexico,MEX,2020,1484.04
Mexico,MEX,2021,1680.72
Mexico,MEX,2022,1734.36
Mexico,MEX,2023,1788.0
Mexico,MEX,2024,1868.46
Spain,ESP,2018,1295.6
Spain,ESP,2019,1358.8
Spain,ESP,2020,1311.4
Spain,ESP,2021,1485.2
Spain,ESP,2022,1532.6
Spain,ESP,2023,1580.0
Spain,ESP,2024,1651.1
Indonesia,IDN,2018,1124.22
Indonesia,IDN,2019,1179.06
Indonesia,IDN,2020,1137.93
Indonesia,IDN,2021,1288.74
Indonesia,IDN,2022,1329.87
Indonesia,IDN,2023,1371.0
Indonesia,IDN,2024,1432.69
Netherlands,NLD,2018,916.76
Netherlands,NLD,2019,961.48
Netherlands,NLD,2020,927.94
Netherlands,NLD,2021,1050.92
Netherlands,NLD,2022,1084.46
Netherlands,NLD,2023,1118.0
Netherlands,NLD,2024,1168.31
Saudi Arabia,SAU,2018,874.94
Saudi Arabia,SAU,2019,917.62
Saudi Arabia,SAU,2020,885.61
Saudi Arabia,SAU,2021,1002.98
Saudi Arabia,SAU,2022,1034.99
Saudi Arabia,SAU,2023,1067.0
Saudi Arabia,SAU,2024,1115.01
Switzerland,CHE,2018,724.88
Switzerland,CHE,2019,760.24
Switzerland,CHE,2020,733.72
Switzerland,CHE,2021,830.96
Switzerland,CHE,2022,857.48
Switzerland,CHE,2023,884.0
Switzerland,CHE,2024,923.78
Turkey,TUR,2018,908.56
Turkey,TUR,2019,952.88
Turkey,TUR,2020,919.64
Turkey,TUR,2021,1041.52
Turkey,TUR,2022,1074.76
Turkey,TUR,2023,1108.0
Turkey,TUR,2024,1157.86
Poland,POL,2018,665.02
Poland,POL,2019,697.46
Poland,POL,2020,673.13
Poland,POL,2021,762.34
Poland,POL,2022,786.67
Poland,POL,2023,811.0
Poland,POL,2024,847.49
Argentina,ARG,2018,524.8
Argentina,ARG,2019,550.4
Argentina,ARG,2020,531.2
Argentina,ARG,2021,601.6
Argentina,ARG,2022,620.8
Argentina,ARG,2023,640.0
Argentina,ARG,2024,668.8
Sweden,SWE,2018,486.26
Sweden,SWE,2019,509.98
Sweden,SWE,2020,492.19
Sweden,SWE,2021,557.42
Sweden,SWE,2022,575.21
Sweden,SWE,2023,593.0
Sweden,SWE,2024,619.68
Belgium,BEL,2018,518.24
Belgium,BEL,2019,543.52
Belgium,BEL,2020,524.56
Belgium,BEL,2021,594.08
Belgium,BEL,2022,613.04
Belgium,BEL,2023,632.0
Belgium,BEL,2024,660.44
Norway,NOR,2018,397.7
Norway,NOR,2019,417.1
Norway,NOR,2020,402.55
Norway,NOR,2021,455.9
Norway,NOR,2022,470.45
Norway,NOR,2023,485.0
Norway,NOR,2024,506.82
United Arab Emirates,ARE,2018,413.28
United Arab Emirates,ARE,2019,433.44
United Arab Emirates,ARE,2020,418.32
United Arab Emirates,ARE,2021,473.76
United Arab Emirates,ARE,2022,488.88
United Arab Emirates,ARE,2023,504.0
United Arab Emirates,ARE,2024,526.68
Singapore,SGP,2018,410.82
Singapore,SGP,2019,430.86
Singapore,SGP,2020,415.83
Singapore,SGP,2021,470.94
Singapore,SGP,2022,485.97
Singapore,SGP,2023,501.0
Singapore,SGP,2024,523.54
Vietnam,VNM,2018,323.64
Vietnam,VNM,2019,344.96
Vietnam,VNM,2020,338.27
Vietnam,VNM,2021,389.15
Vietnam,VNM,2022,407.81
Vietnam,VNM,2023,441.87
Vietnam,VNM,2024,461.75
Malaysia,MYS,2018,327.18
Malaysia,MYS,2019,343.14
Malaysia,MYS,2020,331.17
Malaysia,MYS,2021,375.06
Malaysia,MYS,2022,387.03
Malaysia,MYS,2023,399.0
Malaysia,MYS,2024,416.95
Philippines,PHL,2018,358.34
Philippines,PHL,2019,375.82
Philippines,PHL,2020,362.71
Philippines,PHL,2021,410.78
Philippines,PHL,2022,423.89
Philippines,PHL,2023,437.0
Philippines,PHL,2024,456.66
South Africa,ZAF,2018,309.14
South Africa,ZAF,2019,324.22
South Africa,ZAF,2020,312.91
South Africa,ZAF,2021,354.38
South Africa,ZAF,2022,365.69
South Africa,ZAF,2023,377.0
South Africa,ZAF,2024,393.96
Egypt,EGY,2018,323.9
Egypt,EGY,2019,339.7
Egypt,EGY,2020,327.85
Egypt,EGY,2021,371.3
Egypt,EGY,2022,383.15
Egypt,EGY,2023,395.0
Egypt,EGY,2024,412.77
Pakistan,PAK,2018,277.16
Pakistan,PAK,2019,290.68
Pakistan,PAK,2020,280.54
Pakistan,PAK,2021,317.72
Pakistan,PAK,2022,327.86
Pakistan,PAK,2023,338.0
Pakistan,PAK,2024,353.21
Chile,CHL,2018,274.7
Chile,CHL,2019,288.1
Chile,CHL,2020,278.05
Chile,CHL,2021,314.9
Chile,CHL,2022,324.95
Chile,CHL,2023,335.0
Chile,CHL,2024,350.07
Colombia,COL,2018,297.66
Colombia,COL,2019,312.18
Colombia,COL,2020,301.29
Colombia,COL,2021,341.22
Colombia,COL,2022,352.11
Colombia,COL,2023,363.0
Colombia,COL,2024,379.33
Bangladesh,BGD,2018,358.34
Bangladesh,BGD,2019,375.82
Bangladesh,BGD,2020,362.71
Bangladesh,BGD,2021,410.78
Bangladesh,BGD,2022,423.89
Bangladesh,BGD,2023,437.0
Bangladesh,BGD,2024,456.66
Nigeria,NGA,2018,296.84
Nigeria,NGA,2019,311.32
Nigeria,NGA,2020,300.46
Nigeria,NGA,2021,340.28
Nigeria,NGA,2022,351.14
Nigeria,NGA,2023,362.0
Nigeria,NGA,2024,378.29
Israel,ISR,2018,417.38
Israel,ISR,2019,437.74
Israel,ISR,2020,422.47
Israel,ISR,2021,478.46
Israel,ISR,2022,493.73
Israel,ISR,2023,509.0
Israel,ISR,2024,531.9
Ireland,IRL,2018,446.9
Ireland,IRL,2019,468.7
Ireland,IRL,2020,452.35
Ireland,IRL,2021,512.3
Ireland,IRL,2022,528.65
Ireland,IRL,2023,545.0
Ireland,IRL,2024,569.52
Denmark,DNK,2018,331.28
Denmark,DNK,2019,347.44
Denmark,DNK,2020,335.32
Denmark,DNK,2021,379.76
Denmark,DNK,2022,391.88
Denmark,DNK,2023,404.0
Denmark,DNK,2024,422.18
Austria,AUT,2018,423.12
Austria,AUT,2019,443.76
Austria,AUT,2020,428.28
Austria,AUT,2021,485.04
Austria,AUT,2022,500.52
Austria,AUT,2023,516.0
Austria,AUT,2024,539.22
